<?xml version="1.0" encoding="utf-8"?>
<edmx:Edmx Version="1.0" xmlns:edmx="http://schemas.microsoft.com/ado/2007/06/edmx" xmlns:m="http://schemas.microsoft.com/ado/2007/08/dataservices/metadata" xmlns:sap="http://www.sap.com/Protocols/SAPData">
  <edmx:DataServices m:DataServiceVersion="2.0">
    <Schema Namespace="CatalogService" xmlns="http://schemas.microsoft.com/ado/2008/09/edm">
      <EntityContainer Name="EntityContainer" m:IsDefaultEntityContainer="true">
        <EntitySet Name="Status" EntityType="CatalogService.Status"/>
        <EntitySet Name="RateConfirmation" EntityType="CatalogService.RateConfirmation"/>
        <EntitySet Name="BillOfLading" EntityType="CatalogService.BillOfLading"/>
      </EntityContainer>
      <EntityType Name="Status">
        <Key>
          <PropertyRef Name="GUID"/>
          <PropertyRef Name="loadNo"/>
          <PropertyRef Name="debtorName"/>
          <PropertyRef Name="date"/>
          <PropertyRef Name="documentType"/>
        </Key>
        <Property Name="GUID" Type="Edm.String" Nullable="false"/>
        <Property Name="loadNo" Type="Edm.String" Nullable="false"/>
        <Property Name="debtorName" Type="Edm.String" Nullable="false"/>
        <Property Name="date" Type="Edm.String" Nullable="false"/>
        <Property Name="documentType" Type="Edm.String" Nullable="false"/>
        <Property Name="fileName" Type="Edm.String"/>
        <Property Name="pageCount" Type="Edm.Int32"/>
        <Property Name="status" Type="Edm.String"/>
        <Property Name="statusDescription" Type="Edm.String"/>
      </EntityType>
      <EntityType Name="RateConfirmation">
        <Key>
          <PropertyRef Name="GUID"/>
          <PropertyRef Name="loadNo"/>
          <PropertyRef Name="debtorName"/>
          <PropertyRef Name="date"/>
        </Key>
        <Property Name="GUID" Type="Edm.String" Nullable="false"/>
        <Property Name="loadNo" Type="Edm.String" Nullable="false"/>
        <Property Name="debtorName" Type="Edm.String" Nullable="false"/>
        <Property Name="date" Type="Edm.String" Nullable="false"/>
        <Property Name="documentConfidence" Type="Edm.String"/>
        <Property Name="amount" Type="Edm.String"/>
        <Property Name="amountML" Type="Edm.String"/>
        <Property Name="amountConfidence" Type="Edm.String"/>
        <Property Name="carrierName" Type="Edm.String"/>
        <Property Name="carrierNameML" Type="Edm.String"/>
        <Property Name="carrierNameConfidence" Type="Edm.String"/>
        <Property Name="loadNoML" Type="Edm.String"/>
        <Property Name="loadNoConfidence" Type="Edm.String"/>
        <Property Name="debtorNameML" Type="Edm.String"/>
        <Property Name="debtorNameConfidence" Type="Edm.String"/>
        <Property Name="receiverNameML" Type="Edm.String"/>
        <Property Name="receiverNameConfidence" Type="Edm.String"/>
        <Property Name="shipperNameML" Type="Edm.String"/>
        <Property Name="shipperNameConfidence" Type="Edm.String"/>
        <Property Name="shipToML" Type="Edm.String"/>
        <Property Name="shipToConfidence" Type="Edm.String"/>
        <Property Name="shipFromML" Type="Edm.String"/>
        <Property Name="shipFromConfidence" Type="Edm.String"/>
      </EntityType>
      <EntityType Name="BillOfLading">
        <Key>
          <PropertyRef Name="GUID"/>
          <PropertyRef Name="loadNo"/>
          <PropertyRef Name="debtorName"/>
          <PropertyRef Name="date"/>
          <PropertyRef Name="BOLID"/>
        </Key>
        <Property Name="GUID" Type="Edm.String" Nullable="false"/>
        <Property Name="loadNo" Type="Edm.String" Nullable="false"/>
        <Property Name="debtorName" Type="Edm.String" Nullable="false"/>
        <Property Name="date" Type="Edm.String" Nullable="false"/>
        <Property Name="BOLID" Type="Edm.String" Nullable="false"/>
        <Property Name="receiverName" Type="Edm.String"/>
        <Property Name="receiverNameML" Type="Edm.String"/>
        <Property Name="receiverNameConfidence" Type="Edm.String"/>
        <Property Name="shipperName" Type="Edm.String"/>
        <Property Name="shipperNameML" Type="Edm.String"/>
        <Property Name="shipperNameConfidence" Type="Edm.String"/>
        <Property Name="shipTo" Type="Edm.String"/>
        <Property Name="shipToML" Type="Edm.String"/>
        <Property Name="shipToConfidence" Type="Edm.String"/>
        <Property Name="shipFrom" Type="Edm.String"/>
        <Property Name="shipFromML" Type="Edm.String"/>
        <Property Name="shipFromConfidence" Type="Edm.String"/>
        <Property Name="documentConfidence" Type="Edm.String"/>
      </EntityType>
    </Schema>
  </edmx:DataServices>
</edmx:Edmx>