{
  "definitions": {
    "CatalogService": {
      "kind": "service",
      "@source": "srv/my-service.cds"
    },
    "CatalogService.Status": {
      "kind": "entity",
      "elements": {
        "GUID": {
          "key": true,
          "indexNo": 1,
          "type": "cds.String",
          "@cds.persistence.name": "GUID"
        },
        "loadNo": {
          "key": true,
          "indexNo": 2,
          "type": "cds.String",
          "@cds.persistence.name": "LOADNO"
        },
        "debtorName": {
          "key": true,
          "indexNo": 3,
          "type": "cds.String",
          "@cds.persistence.name": "DEBTORNAME"
        },
        "date": {
          "key": true,
          "indexNo": 4,
          "type": "cds.String",
          "@cds.persistence.name": "DATE"
        },
        "documentType": {
          "key": true,
          "indexNo": 5,
          "type": "cds.String",
          "@cds.persistence.name": "DOCUMENTTYPE"
        },
        "fileName": {
          "indexNo": 6,
          "type": "cds.String",
          "@cds.persistence.name": "FILENAME"
        },
        "pageCount": {
          "indexNo": 7,
          "type": "cds.Integer",
          "@cds.persistence.name": "PAGECOUNT"
        },
        "status": {
          "indexNo": 8,
          "type": "cds.String",
          "@cds.persistence.name": "STATUS"
        },
        "statusDescription": {
          "indexNo": 9,
          "type": "cds.String",
          "@cds.persistence.name": "STATUSDESCRIPTION"
        }
      },
      "@cds.persistence.name": "CATALOGSERVICE_STATUS"
    },
    "CatalogService.RateConfirmation": {
      "kind": "entity",
      "elements": {
        "GUID": {
          "key": true,
          "indexNo": 1,
          "type": "cds.String",
          "@cds.persistence.name": "GUID"
        },
        "loadNo": {
          "key": true,
          "indexNo": 2,
          "type": "cds.String",
          "@cds.persistence.name": "LOADNO"
        },
        "debtorName": {
          "key": true,
          "indexNo": 3,
          "type": "cds.String",
          "@cds.persistence.name": "DEBTORNAME"
        },
        "date": {
          "key": true,
          "indexNo": 4,
          "type": "cds.String",
          "@cds.persistence.name": "DATE"
        },
        "documentConfidence": {
          "indexNo": 5,
          "type": "cds.String",
          "@cds.persistence.name": "DOCUMENTCONFIDENCE"
        },
        "amount": {
          "indexNo": 6,
          "type": "cds.String",
          "@cds.persistence.name": "AMOUNT"
        },
        "amountML": {
          "indexNo": 7,
          "type": "cds.String",
          "@cds.persistence.name": "AMOUNTML"
        },
        "amountConfidence": {
          "indexNo": 8,
          "type": "cds.String",
          "@cds.persistence.name": "AMOUNTCONFIDENCE"
        },
        "carrierName": {
          "indexNo": 9,
          "type": "cds.String",
          "@cds.persistence.name": "CARRIERNAME"
        },
        "carrierNameML": {
          "indexNo": 10,
          "type": "cds.String",
          "@cds.persistence.name": "CARRIERNAMEML"
        },
        "carrierNameConfidence": {
          "indexNo": 11,
          "type": "cds.String",
          "@cds.persistence.name": "CARRIERNAMECONFIDENCE"
        },
        "loadNoML": {
          "indexNo": 12,
          "type": "cds.String",
          "@cds.persistence.name": "LOADNOML"
        },
        "loadNoConfidence": {
          "indexNo": 13,
          "type": "cds.String",
          "@cds.persistence.name": "LOADNOCONFIDENCE"
        },
        "debtorNameML": {
          "indexNo": 14,
          "type": "cds.String",
          "@cds.persistence.name": "DEBTORNAMEML"
        },
        "debtorNameConfidence": {
          "indexNo": 15,
          "type": "cds.String",
          "@cds.persistence.name": "DEBTORNAMECONFIDENCE"
        },
        "receiverNameML": {
          "indexNo": 16,
          "type": "cds.String",
          "@cds.persistence.name": "RECEIVERNAMEML"
        },
        "receiverNameConfidence": {
          "indexNo": 17,
          "type": "cds.String",
          "@cds.persistence.name": "RECEIVERNAMECONFIDENCE"
        },
        "shipperNameML": {
          "indexNo": 18,
          "type": "cds.String",
          "@cds.persistence.name": "SHIPPERNAMEML"
        },
        "shipperNameConfidence": {
          "indexNo": 19,
          "type": "cds.String",
          "@cds.persistence.name": "SHIPPERNAMECONFIDENCE"
        },
        "shipToML": {
          "indexNo": 20,
          "type": "cds.String",
          "@cds.persistence.name": "SHIPTOML"
        },
        "shipToConfidence": {
          "indexNo": 21,
          "type": "cds.String",
          "@cds.persistence.name": "SHIPTOCONFIDENCE"
        },
        "shipFromML": {
          "indexNo": 22,
          "type": "cds.String",
          "@cds.persistence.name": "SHIPFROMML"
        },
        "shipFromConfidence": {
          "indexNo": 23,
          "type": "cds.String",
          "@cds.persistence.name": "SHIPFROMCONFIDENCE"
        }
      },
      "@cds.persistence.name": "CATALOGSERVICE_RATECONFIRMATION"
    },
    "CatalogService.BillOfLading": {
      "kind": "entity",
      "elements": {
        "GUID": {
          "key": true,
          "indexNo": 1,
          "type": "cds.String",
          "@cds.persistence.name": "GUID"
        },
        "loadNo": {
          "key": true,
          "indexNo": 2,
          "type": "cds.String",
          "@cds.persistence.name": "LOADNO"
        },
        "debtorName": {
          "key": true,
          "indexNo": 3,
          "type": "cds.String",
          "@cds.persistence.name": "DEBTORNAME"
        },
        "date": {
          "key": true,
          "indexNo": 4,
          "type": "cds.String",
          "@cds.persistence.name": "DATE"
        },
        "BOLID": {
          "key": true,
          "indexNo": 5,
          "type": "cds.String",
          "@cds.persistence.name": "BOLID"
        },
        "receiverName": {
          "indexNo": 6,
          "type": "cds.String",
          "@cds.persistence.name": "RECEIVERNAME"
        },
        "receiverNameML": {
          "indexNo": 7,
          "type": "cds.String",
          "@cds.persistence.name": "RECEIVERNAMEML"
        },
        "receiverNameConfidence": {
          "indexNo": 8,
          "type": "cds.String",
          "@cds.persistence.name": "RECEIVERNAMECONFIDENCE"
        },
        "shipperName": {
          "indexNo": 9,
          "type": "cds.String",
          "@cds.persistence.name": "SHIPPERNAME"
        },
        "shipperNameML": {
          "indexNo": 10,
          "type": "cds.String",
          "@cds.persistence.name": "SHIPPERNAMEML"
        },
        "shipperNameConfidence": {
          "indexNo": 11,
          "type": "cds.String",
          "@cds.persistence.name": "SHIPPERNAMECONFIDENCE"
        },
        "shipTo": {
          "indexNo": 12,
          "type": "cds.String",
          "@cds.persistence.name": "SHIPTO"
        },
        "shipToML": {
          "indexNo": 13,
          "type": "cds.String",
          "@cds.persistence.name": "SHIPTOML"
        },
        "shipToConfidence": {
          "indexNo": 14,
          "type": "cds.String",
          "@cds.persistence.name": "SHIPTOCONFIDENCE"
        },
        "shipFrom": {
          "indexNo": 15,
          "type": "cds.String",
          "@cds.persistence.name": "SHIPFROM"
        },
        "shipFromML": {
          "indexNo": 16,
          "type": "cds.String",
          "@cds.persistence.name": "SHIPFROMML"
        },
        "shipFromConfidence": {
          "indexNo": 17,
          "type": "cds.String",
          "@cds.persistence.name": "SHIPFROMCONFIDENCE"
        },
        "documentConfidence": {
          "indexNo": 18,
          "type": "cds.String",
          "@cds.persistence.name": "DOCUMENTCONFIDENCE"
        }
      },
      "@cds.persistence.name": "CATALOGSERVICE_BILLOFLADING"
    },
    "com.sap.loves.docProcess.Status": {
      "kind": "entity",
      "elements": {
        "GUID": {
          "key": true,
          "indexNo": 1,
          "type": "cds.String",
          "@cds.persistence.name": "GUID"
        },
        "loadNo": {
          "key": true,
          "indexNo": 2,
          "type": "cds.String",
          "@cds.persistence.name": "LOADNO"
        },
        "debtorName": {
          "key": true,
          "indexNo": 3,
          "type": "cds.String",
          "@cds.persistence.name": "DEBTORNAME"
        },
        "date": {
          "key": true,
          "indexNo": 4,
          "type": "cds.String",
          "@cds.persistence.name": "DATE"
        },
        "documentType": {
          "key": true,
          "indexNo": 5,
          "type": "cds.String",
          "@cds.persistence.name": "DOCUMENTTYPE"
        },
        "fileName": {
          "indexNo": 6,
          "type": "cds.String",
          "@cds.persistence.name": "FILENAME"
        },
        "pageCount": {
          "indexNo": 7,
          "type": "cds.Integer",
          "@cds.persistence.name": "PAGECOUNT"
        },
        "status": {
          "indexNo": 8,
          "type": "cds.String",
          "@cds.persistence.name": "STATUS"
        },
        "statusDescription": {
          "indexNo": 9,
          "type": "cds.String",
          "@cds.persistence.name": "STATUSDESCRIPTION"
        }
      },
      "@cds.persistence.name": "COM_SAP_LOVES_DOCPROCESS_STATUS"
    },
    "com.sap.loves.docProcess.RateConfirmation": {
      "kind": "entity",
      "elements": {
        "GUID": {
          "key": true,
          "indexNo": 1,
          "type": "cds.String",
          "@cds.persistence.name": "GUID"
        },
        "loadNo": {
          "key": true,
          "indexNo": 2,
          "type": "cds.String",
          "@cds.persistence.name": "LOADNO"
        },
        "debtorName": {
          "key": true,
          "indexNo": 3,
          "type": "cds.String",
          "@cds.persistence.name": "DEBTORNAME"
        },
        "date": {
          "key": true,
          "indexNo": 4,
          "type": "cds.String",
          "@cds.persistence.name": "DATE"
        },
        "documentConfidence": {
          "indexNo": 5,
          "type": "cds.String",
          "@cds.persistence.name": "DOCUMENTCONFIDENCE"
        },
        "amount": {
          "indexNo": 6,
          "type": "cds.String",
          "@cds.persistence.name": "AMOUNT"
        },
        "amountML": {
          "indexNo": 7,
          "type": "cds.String",
          "@cds.persistence.name": "AMOUNTML"
        },
        "amountConfidence": {
          "indexNo": 8,
          "type": "cds.String",
          "@cds.persistence.name": "AMOUNTCONFIDENCE"
        },
        "carrierName": {
          "indexNo": 9,
          "type": "cds.String",
          "@cds.persistence.name": "CARRIERNAME"
        },
        "carrierNameML": {
          "indexNo": 10,
          "type": "cds.String",
          "@cds.persistence.name": "CARRIERNAMEML"
        },
        "carrierNameConfidence": {
          "indexNo": 11,
          "type": "cds.String",
          "@cds.persistence.name": "CARRIERNAMECONFIDENCE"
        },
        "loadNoML": {
          "indexNo": 12,
          "type": "cds.String",
          "@cds.persistence.name": "LOADNOML"
        },
        "loadNoConfidence": {
          "indexNo": 13,
          "type": "cds.String",
          "@cds.persistence.name": "LOADNOCONFIDENCE"
        },
        "debtorNameML": {
          "indexNo": 14,
          "type": "cds.String",
          "@cds.persistence.name": "DEBTORNAMEML"
        },
        "debtorNameConfidence": {
          "indexNo": 15,
          "type": "cds.String",
          "@cds.persistence.name": "DEBTORNAMECONFIDENCE"
        },
        "receiverNameML": {
          "indexNo": 16,
          "type": "cds.String",
          "@cds.persistence.name": "RECEIVERNAMEML"
        },
        "receiverNameConfidence": {
          "indexNo": 17,
          "type": "cds.String",
          "@cds.persistence.name": "RECEIVERNAMECONFIDENCE"
        },
        "shipperNameML": {
          "indexNo": 18,
          "type": "cds.String",
          "@cds.persistence.name": "SHIPPERNAMEML"
        },
        "shipperNameConfidence": {
          "indexNo": 19,
          "type": "cds.String",
          "@cds.persistence.name": "SHIPPERNAMECONFIDENCE"
        },
        "shipToML": {
          "indexNo": 20,
          "type": "cds.String",
          "@cds.persistence.name": "SHIPTOML"
        },
        "shipToConfidence": {
          "indexNo": 21,
          "type": "cds.String",
          "@cds.persistence.name": "SHIPTOCONFIDENCE"
        },
        "shipFromML": {
          "indexNo": 22,
          "type": "cds.String",
          "@cds.persistence.name": "SHIPFROMML"
        },
        "shipFromConfidence": {
          "indexNo": 23,
          "type": "cds.String",
          "@cds.persistence.name": "SHIPFROMCONFIDENCE"
        }
      },
      "@cds.persistence.name": "COM_SAP_LOVES_DOCPROCESS_RATECONFIRMATION"
    },
    "com.sap.loves.docProcess.BillOfLading": {
      "kind": "entity",
      "elements": {
        "GUID": {
          "key": true,
          "indexNo": 1,
          "type": "cds.String",
          "@cds.persistence.name": "GUID"
        },
        "loadNo": {
          "key": true,
          "indexNo": 2,
          "type": "cds.String",
          "@cds.persistence.name": "LOADNO"
        },
        "debtorName": {
          "key": true,
          "indexNo": 3,
          "type": "cds.String",
          "@cds.persistence.name": "DEBTORNAME"
        },
        "date": {
          "key": true,
          "indexNo": 4,
          "type": "cds.String",
          "@cds.persistence.name": "DATE"
        },
        "BOLID": {
          "key": true,
          "indexNo": 5,
          "type": "cds.String",
          "@cds.persistence.name": "BOLID"
        },
        "receiverName": {
          "indexNo": 6,
          "type": "cds.String",
          "@cds.persistence.name": "RECEIVERNAME"
        },
        "receiverNameML": {
          "indexNo": 7,
          "type": "cds.String",
          "@cds.persistence.name": "RECEIVERNAMEML"
        },
        "receiverNameConfidence": {
          "indexNo": 8,
          "type": "cds.String",
          "@cds.persistence.name": "RECEIVERNAMECONFIDENCE"
        },
        "shipperName": {
          "indexNo": 9,
          "type": "cds.String",
          "@cds.persistence.name": "SHIPPERNAME"
        },
        "shipperNameML": {
          "indexNo": 10,
          "type": "cds.String",
          "@cds.persistence.name": "SHIPPERNAMEML"
        },
        "shipperNameConfidence": {
          "indexNo": 11,
          "type": "cds.String",
          "@cds.persistence.name": "SHIPPERNAMECONFIDENCE"
        },
        "shipTo": {
          "indexNo": 12,
          "type": "cds.String",
          "@cds.persistence.name": "SHIPTO"
        },
        "shipToML": {
          "indexNo": 13,
          "type": "cds.String",
          "@cds.persistence.name": "SHIPTOML"
        },
        "shipToConfidence": {
          "indexNo": 14,
          "type": "cds.String",
          "@cds.persistence.name": "SHIPTOCONFIDENCE"
        },
        "shipFrom": {
          "indexNo": 15,
          "type": "cds.String",
          "@cds.persistence.name": "SHIPFROM"
        },
        "shipFromML": {
          "indexNo": 16,
          "type": "cds.String",
          "@cds.persistence.name": "SHIPFROMML"
        },
        "shipFromConfidence": {
          "indexNo": 17,
          "type": "cds.String",
          "@cds.persistence.name": "SHIPFROMCONFIDENCE"
        },
        "documentConfidence": {
          "indexNo": 18,
          "type": "cds.String",
          "@cds.persistence.name": "DOCUMENTCONFIDENCE"
        }
      },
      "@cds.persistence.name": "COM_SAP_LOVES_DOCPROCESS_BILLOFLADING"
    }
  },
  "version": {
    "creator": "CDS Compiler v1.1.3",
    "csn": "0.1.0"
  },
  "@sql_mapping": "plain"
}